INSERT INTO users (username, name , email, password, balance, date_of_birth, biography, street, city, zip_code, country, rating)
VALUES
 ('gago','Daniel Gago' ,'daniel@email.com', '$2y$10$HfzIhGCCaxqyaIdGgjARSuOKAcm1Uy82YfLuNaajn6JrjLWy9Sj/W', 3500.00, '2003-11-15', '', 'Rua do Twistzz', 'Faro', '12345', 'Portugal', NULL),
 ('sereno','José Santos', 'jose@email.com', '$2y$10$HfzIhGCCaxqyaIdGgjARSuOKAcm1Uy82YfLuNaajn6JrjLWy9Sj/W', 2000.00, '2003-03-23', '', 'Avenida dos Desdentados', 'Guimaraes', '123123', 'Portugal', NULL),
 ('edu','Eduardo Oliveira' ,'eduardo@email.com', '$2y$10$HfzIhGCCaxqyaIdGgjARSuOKAcm1Uy82YfLuNaajn6JrjLWy9Sj/W', 1000.00, '2003-07-21', 'I love watching football, tv shows, and birds :)', 'Praça dos Maluquinhos', 'Santo Tirso', '4780-666', 'Portugal', NULL),
 ('max',' Máximo Pereira','maximo@email.com', '$2y$10$HfzIhGCCaxqyaIdGgjARSuOKAcm1Uy82YfLuNaajn6JrjLWy9Sj/W', 1000.00, '2003-01-13', '', 'Rua do Inspetor', 'Gondomar', '4420-123', 'Portugal', NULL),
 ('zemanel','José Manuel' ,'zemanel@hotmail.com', '$2y$10$HfzIhGCCaxqyaIdGgjARSuOKAcm1Uy82YfLuNaajn6JrjLWy9Sj/W', 5.00, '1992-02-10', '', 'Rua Santa Catarina', 'Porto', '34567', 'Portugal', NULL),
 ('darkknight','Bruce Wayne' ,'brucewayne@email.com', '$2y$10$HfzIhGCCaxqyaIdGgjARSuOKAcm1Uy82YfLuNaajn6JrjLWy9Sj/W', 1000000.00, '1980-05-10', '', 'Gotham Street', 'Gotham City', '12345', 'USA', NULL),
 ('webslinger','Peter Parker' ,'peterparker@email.com', '$2y$10$HfzIhGCCaxqyaIdGgjARSuOKAcm1Uy82YfLuNaajn6JrjLWy9Sj/W', 50000.00, '1995-02-14', '', 'Web Avenue', 'New York', '54321', 'USA', NULL),
 ('greenqueen','Pamela Isley', 'pamelaisley@email.com', '$2y$10$HfzIhGCCaxqyaIdGgjARSuOKAcm1Uy82YfLuNaajn6JrjLWy9Sj/W', 75000.00, '1987-09-20', '', 'Vine Lane', 'Gotham City', '67890', 'USA', NULL),
 ('speedster','Barry Allen' ,'barryallen@email.com', '$2y$10$HfzIhGCCaxqyaIdGgjARSuOKAcm1Uy82YfLuNaajn6JrjLWy9Sj/W', 90000.00, '1986-03-30', '', 'Speedster Street', 'Central City', '98765', 'USA', NULL),
 ('emeraldarcher','Oliver Queen', 'oliverqueen@email.com', '$2y$10$HfzIhGCCaxqyaIdGgjARSuOKAcm1Uy82YfLuNaajn6JrjLWy9Sj/W', 80000.00, '1981-11-11', '', 'Arrow Road', 'Star City', '23456', 'USA', NULL),
 ('manofsteel','Clark Kent' ,'clarkkent@email.com', '$2y$10$HfzIhGCCaxqyaIdGgjARSuOKAcm1Uy82YfLuNaajn6JrjLWy9Sj/W', 95000.00, '1978-07-01', '', 'Super Lane', 'Metropolis', '76543', 'USA', NULL),
 ('wonderwoman','Diana Prince' ,'dianaprince@email.com', '$2y$10$HfzIhGCCaxqyaIdGgjARSuOKAcm1Uy82YfLuNaajn6JrjLWy9Sj/W', 85000.00, '1985-04-15', '', 'Paradise Island', 'Themyscira', '78901', 'Amazon', NULL),
 ('thor','Thor Odinson' ,'thor@email.com', '$2y$10$HfzIhGCCaxqyaIdGgjARSuOKAcm1Uy82YfLuNaajn6JrjLWy9Sj/W', 70000.00, '1980-12-25', '', 'Asgard Road', 'Asgard', '11223', 'Asgard', NULL),
 ('spymaster', 'Natasha Romanoff','natasharomanoff@email.com', '$2y$10$HfzIhGCCaxqyaIdGgjARSuOKAcm1Uy82YfLuNaajn6JrjLWy9Sj/W', 60000.00, '1984-08-03', '', 'Red Room Street', 'Moscow', '00123', 'Russia', NULL),
 ('starkgenius', 'Tony Stark','tonystark@email.com', '$2y$10$HfzIhGCCaxqyaIdGgjARSuOKAcm1Uy82YfLuNaajn6JrjLWy9Sj/W', 1200000.00, '1970-06-21', '', 'Stark Tower', 'New York', '54321', 'USA', NULL),
 ('godofthunder', 'Loki Odinson','loki@email.com', '$2y$10$HfzIhGCCaxqyaIdGgjARSuOKAcm1Uy82YfLuNaajn6JrjLWy9Sj/W', 90000.00, '1972-03-05', '', 'Asgard Palace', 'Asgard', '11223', 'Asgard', NULL),
 ('hawkeye', 'Clint Barton','clintbarton@email.com', '$2y$10$HfzIhGCCaxqyaIdGgjARSuOKAcm1Uy82YfLuNaajn6JrjLWy9Sj/W', 75000.00, '1976-09-08', '', 'Archery Way', 'Brooklyn', '45678', 'USA', NULL),
 ('scarletwitch', 'Wanda Maximoff' ,'wandamaximoff@email.com', '$2y$10$HfzIhGCCaxqyaIdGgjARSuOKAcm1Uy82YfLuNaajn6JrjLWy9Sj/W', 70000.00, '1989-12-16', '', 'Hex Street', 'Transia', '98765', 'Transia', NULL),
 ('aquaman', 'Arthur Curry' ,'arthurcurry@email.com', '$2y$10$HfzIhGCCaxqyaIdGgjARSuOKAcm1Uy82YfLuNaajn6JrjLWy9Sj/W', 85000.00, '1982-07-30', '', 'Atlantis Avenue', 'Atlantis', '54321', 'Atlantis', NULL),
 ('beastmode','Hank Mccoy' ,'hankmccoy@email.com', '$2y$10$HfzIhGCCaxqyaIdGgjARSuOKAcm1Uy82YfLuNaajn6JrjLWy9Sj/W', 60000.00, '1988-02-04', '', 'X-Mansion Road', 'Westchester', '33333', 'USA', NULL),
 ('stormrider','Ororo Munroe' ,'ororomunroe@email.com', '$2y$10$HfzIhGCCaxqyaIdGgjARSuOKAcm1Uy82YfLuNaajn6JrjLWy9Sj/W', 95000.00, '1987-06-10', '', 'Wakanda Avenue', 'Wakanda', '11223', 'Wakanda', NULL),
 ('greenlantern','Hal Jordan' ,'haljordan@email.com', '$2y$10$HfzIhGCCaxqyaIdGgjARSuOKAcm1Uy82YfLuNaajn6JrjLWy9Sj/W', 80000.00, '1983-04-20', '', 'Oa Street', 'Oa', '22222', 'Oa', NULL),
 ('wolverine','James Howlett','logan@email.com', '$2y$10$HfzIhGCCaxqyaIdGgjARSuOKAcm1Uy82YfLuNaajn6JrjLWy9Sj/W', 70000.00, '1842-03-22', '', 'Logan Street', 'Alberta', '77777', 'Canada', NULL),
 ('wallywest','Wally West' ,'wallywest@email.com', '$2y$10$HfzIhGCCaxqyaIdGgjARSuOKAcm1Uy82YfLuNaajn6JrjLWy9Sj/W', 90000.00, '1992-08-15', '', 'Speedster Lane', 'Keystone City', '11111', 'USA', NULL),
 ('wadeywilson','Wade Wilson' ,'wadewilson@email.com', '$2y$10$HfzIhGCCaxqyaIdGgjARSuOKAcm1Uy82YfLuNaajn6JrjLWy9Sj/W', 80000.00, '1974-02-20', '', 'Regeneration Road', 'New York', '54321', 'USA', NULL),
 ('blackpanther','Tchalla' ,'tchalla@email.com', '$2y$10$HfzIhGCCaxqyaIdGgjARSuOKAcm1Uy82YfLuNaajn6JrjLWy9Sj/W', 85000.00, '1980-11-29', '', 'Wakanda Street', 'Wakanda', '11223', 'Wakanda', NULL),
 ('magentawitch','Wanda Sheperd' ,'wandashepherd@email.com', '$2y$10$HfzIhGCCaxqyaIdGgjARSuOKAcm1Uy82YfLuNaajn6JrjLWy9Sj/W', 75000.00, '1993-05-07', '', 'Salem Road', 'Westview', '54321', 'USA', NULL),
 ('ladyhawk','Katelyn' ,'katebishop@email.com', '$2y$10$HfzIhGCCaxqyaIdGgjARSuOKAcm1Uy82YfLuNaajn6JrjLWy9Sj/W', 70000.00, '1999-12-03', '', 'Archer Avenue', 'New York', '45678', 'USA', NULL),
 ('captainspandex','Steve' ,'steve@email.com', '$2y$10$HfzIhGCCaxqyaIdGgjARSuOKAcm1Uy82YfLuNaajn6JrjLWy9Sj/W', 95000.00, '1920-07-04', '', 'Freedom Street', 'Washington, D.C.', '12345', 'USA', NULL),
 ('aquaticmariner','Namor' ,'namor@email.com', '$2y$10$HfzIhGCCaxqyaIdGgjARSuOKAcm1Uy82YfLuNaajn6JrjLWy9Sj/W', 90000.00, '1940-01-10', '', 'Atlantean Lane', 'Atlantis', '22222', 'Atlantis', NULL),
 ('starlord','Peter Quill' ,'peterquill@email.com', '$2y$10$HfzIhGCCaxqyaIdGgjARSuOKAcm1Uy82YfLuNaajn6JrjLWy9Sj/W', 80000.00, '1982-12-18', '', 'Milano Avenue', 'Xandar', '98765', 'Xandar', NULL),
 ('blackbolt','Black Agar' ,'blackagar@email.com', '$2y$10$HfzIhGCCaxqyaIdGgjARSuOKAcm1Uy82YfLuNaajn6JrjLWy9Sj/W', 75000.00, '1975-06-02', '', 'Inhuman Road', 'Attilan', '54321', 'Attilan', NULL),
 ('colossus','Piotr rasputin' ,'piotrrasputin@email.com', '$2y$10$HfzIhGCCaxqyaIdGgjARSuOKAcm1Uy82YfLuNaajn6JrjLWy9Sj/W', 90000.00, '1978-03-14', '', 'X-Mansion Lane', 'Westchester', '33333', 'USA', NULL),
 ('gamora', 'Gamora','gamora@email.com', '$2y$10$HfzIhGCCaxqyaIdGgjARSuOKAcm1Uy82YfLuNaajn6JrjLWy9Sj/W', 85000.00, '1984-09-03', '', 'Zen-Whoberi Street', 'Zen-Whoberi', '11223', 'Zen-Whoberi', NULL),
 ('antman','Scott Lang' ,'scottlang@email.com', '$2y$10$HfzIhGCCaxqyaIdGgjARSuOKAcm1Uy82YfLuNaajn6JrjLWy9Sj/W', 70000.00, '1980-01-22', '', 'Pym Particles Lane', 'New York', '45678', 'USA', NULL),
 ('zatanna','Zatanna Zatara' ,'zatannazatara@email.com', '$2y$10$HfzIhGCCaxqyaIdGgjARSuOKAcm1Uy82YfLuNaajn6JrjLWy9Sj/W', 80000.00, '1986-10-31', '', 'Mystic Road', 'Shadowcrest', '54321', 'USA', NULL),
 ('stormqueen','Aurora Munroe' ,'auroramunroe@email.com', '$2y$10$HfzIhGCCaxqyaIdGgjARSuOKAcm1Uy82YfLuNaajn6JrjLWy9Sj/W', 90000.00, '1985-07-19', '', 'Wakanda Lane', 'Wakanda', '98765', 'Wakanda', NULL),
 ('redskull','Johann Schmidt' ,'johannschmidt@email.com', '$2y$10$HfzIhGCCaxqyaIdGgjARSuOKAcm1Uy82YfLuNaajn6JrjLWy9Sj/W', 75000.00, '1941-11-02', '', 'Nazi Avenue', 'Berlin', '00123', 'Germany', NULL),
 ('mysterio','Quentin Beck' ,'quentinbeck@email.com', '$2y$10$HfzIhGCCaxqyaIdGgjARSuOKAcm1Uy82YfLuNaajn6JrjLWy9Sj/W', 70000.00, '1969-04-15', '', 'Fishbowl Street', 'New York', '54321', 'USA', NULL),
 ('cyclops','Scott Summer' ,'scottsummers@email.com', '$2y$10$HfzIhGCCaxqyaIdGgjARSuOKAcm1Uy82YfLuNaajn6JrjLWy9Sj/W', 85000.00, '1973-08-26', '', 'X-Mansion Avenue', 'Westchester', '33333', 'USA', NULL),
 ('rogue','Anna Marie' ,'annamarie@email.com', '$2y$10$HfzIhGCCaxqyaIdGgjARSuOKAcm1Uy82YfLuNaajn6JrjLWy9Sj/W', 90000.00, '1987-06-04', '', 'Mississippi Road', 'Caldecott', '54321', 'USA', NULL),
 ('iceprincess','Bobby Drake' ,'bobbydrake@email.com', '$2y$10$HfzIhGCCaxqyaIdGgjARSuOKAcm1Uy82YfLuNaajn6JrjLWy9Sj/W', 70000.00, '1982-03-30', '', 'Frost Lane', 'North Salem', '11223', 'USA', NULL),
 ('blacksuit','Eddie Mayne' ,'eddieredmayne@email.com', '$2y$10$HfzIhGCCaxqyaIdGgjARSuOKAcm1Uy82YfLuNaajn6JrjLWy9Sj/W', 80000.00, '1988-12-14', '', 'Symbiote Street', 'New York', '45678', 'USA', NULL),
 ('scarecrow', 'John Crane','jonathancrane@email.com', '$2y$10$HfzIhGCCaxqyaIdGgjARSuOKAcm1Uy82YfLuNaajn6JrjLWy9Sj/W', 75000.00, '1970-10-20', '', 'Fear Lane', 'Gotham City', '00123', 'USA', NULL),
 ('invisiblewoman','Susan Storm' ,'susanstorm@email.com', '$2y$10$HfzIhGCCaxqyaIdGgjARSuOKAcm1Uy82YfLuNaajn6JrjLWy9Sj/W', 90000.00, '1983-07-22', '', 'Fantastic Road', 'New York', '54321', 'USA', NULL),
 ('nightcrawler','Kurt Wagner' ,'kurtwagner@email.com', '$2y$10$HfzIhGCCaxqyaIdGgjARSuOKAcm1Uy82YfLuNaajn6JrjLWy9Sj/W', 85000.00, '1984-05-05', '', 'Bamf Avenue', 'Bavaria', '22222', 'Germany', NULL),
 ('lizardking','Connor','drconnors@email.com', '$2y$10$HfzIhGCCaxqyaIdGgjARSuOKAcm1Uy82YfLuNaajn6JrjLWy9Sj/W', 80000.00, '1977-09-11', '', 'Reptile Lane', 'New York', '98765', 'USA', NULL),
 ('rocketraccoon','Rocket' ,'rocket@email.com', '$2y$10$HfzIhGCCaxqyaIdGgjARSuOKAcm1Uy82YfLuNaajn6JrjLWy9Sj/W', 75000.00, '1990-12-05', '', 'Guardian Avenue', 'Halfworld', '54321', 'Halfworld', NULL),
 ('sandman', 'Flint','flintmarko@email.com', '$2y$10$HfzIhGCCaxqyaIdGgjARSuOKAcm1Uy82YfLuNaajn6JrjLWy9Sj/W', 90000.00, '1965-03-18', '', 'Desert Lane', 'New York', '11223', 'USA', NULL),
 ('starfire', 'Korian' ,'koriandrs@email.com', '$2y$10$HfzIhGCCaxqyaIdGgjARSuOKAcm1Uy82YfLuNaajn6JrjLWy9Sj/W', 85000.00, '1988-07-29', '', 'Tamaran Road', 'Tamaran', '12345', 'Tamaran', NULL),
 ('juggernaut','Cain' ,'cainmarko@email.com', '$2y$10$HfzIhGCCaxqyaIdGgjARSuOKAcm1Uy82YfLuNaajn6JrjLWy9Sj/W', 80000.00, '1971-02-03', '', 'Juggernaut Street', 'Cain Marko', '33333', 'Marko', NULL),
 ('raven', 'Rachel','rachelroth@email.com', '$2y$10$HfzIhGCCaxqyaIdGgjARSuOKAcm1Uy82YfLuNaajn6JrjLWy9Sj/W', 70000.00, '1980-10-26', '', 'Azarath Lane', 'Azarath', '54321', 'Azarath', NULL),
 ('magneto', 'Erik Lensherr' ,'eriklensherr@email.com', '$2y$10$HfzIhGCCaxqyaIdGgjARSuOKAcm1Uy82YfLuNaajn6JrjLWy9Sj/W', 90000.00, '1963-06-05', '', 'Mutant Lane', 'Genosha', '22222', 'Genosha', NULL),
 ('hulk', 'Bruce Banner','brucebanner@email.com', '$2y$10$HfzIhGCCaxqyaIdGgjARSuOKAcm1Uy82YfLuNaajn6JrjLWy9Sj/W', 85000.00, '1962-05-02', '', 'Gamma Road', 'New York', '98765', 'USA', NULL);
 
INSERT INTO moneys (user_id, amount,type, state) 
VALUES 
  (1,10.00,true,'pending'),
  (2,200.00,false, 'denied'),
  (3, 400.00,true, 'accepted'),
  (4, 250.00,false, 'pending'),
  (5, 100.00,true, 'accepted'),
  (6, 300.00 ,false , 'pending'),
  (7, 500.00, false, 'pending'),
  (8, 150.00, false, 'denied'),
  (9, 800.00, false, 'accepted'),
  (10, 350.00, false, 'pending'),
  (11, 200.00,false, 'accepted'),
  (12, 700.00, false, 'pending'),
  (13, 1200.00, false, 'accepted'),
  (14, 600.00, false, 'pending'),
  (15, 950.00, false, 'pending'),
  (16, 300.00, false, 'denied'),
  (17, 450.00, false, 'pending'),
  (18, 250.00, false, 'denied'),
  (19, 700.00, false, 'accepted'),
  (20, 180.00, false, 'pending'),
  (21, 300.00, false, 'accepted'),
  (22, 500.00, false, 'pending'),
  (23, 120.00, false, 'accepted'),
  (24, 900.00, false, 'pending'),
  (25, 600.00, false, 'pending'),
  (26, 350.00, false, 'denied');

INSERT INTO Auction (name, description, initial_price, price, initial_time, end_time, category, state, owner_id)
VALUES
  /*  1 */('Rare Acoustic Guitar', 'A vintage acoustic guitar with a unique sound.', 80.00, 90.00,'2023-09-01 14:10:00', '2024-01-09 14:10:00', 'strings', 'active', 3),
  /*  2 */('Handcrafted Flute', 'A beautifully handcrafted flute with exquisite details.', 70.00, 380.00, '2023-09-05 14:07:00', '2024-01-08 14:07:00', 'woodwinds', 'active', 1),
  /*  3 */('Vintage Bass Guitar', 'An old-school bass guitar with a unique vibe.', 30.00, 290.00 , '2023-09-03 14:10:00', '2024-01-08 14:10:00', 'brass', 'active', 5),
  /*  4 */('Handmade Drum Set', 'A custom-made drum set for professional drummers.', 25.00, 250.00 , '2023-09-10 15:00:00', '2024-11-25 15:00:00', 'percussion', 'active', 6),
  /*  5 */('Grand Piano', 'A beautifully maintained grand piano with a rich, deep tone.', 60.00, 230.00 ,'2023-09-07 11:00:00', '2024-11-22 11:00:00', 'strings', 'active', 7),
  /*  6 */('Vintage Trumpet', 'A classic trumpet with a warm and mellow sound.', 27.00, 245.00 ,'2023-09-02 09:00:00', '2024-11-17 09:00:00', 'brass', 'active', 8),
  /*  7 */('Electric Guitar Kit', 'A DIY electric guitar kit for guitar enthusiasts.', 45.00, 200.00 ,'2023-09-04 13:00:00', '2024-11-19 13:00:00', 'strings', 'active', 9),
  /*  8 */('Cajon Drum', 'A versatile and portable cajon drum for musicians on the go.', 60.00, 250.00, '2023-09-08 16:00:00', '2024-11-23 16:00:00', 'percussion', 'active', 10),
  /*  9 */('Saxophone Quartet', 'A set of four saxophones for ensemble performances.', 35.00, 35.00 ,'2023-09-06 10:00:00', '2024-11-21 10:00:00', 'woodwinds', 'active', 11),
  /* 10 */('Electronic Keyboard', 'A modern electronic keyboard with various sound options.', 20.00, 20.00 ,'2023-09-09 14:00:00', '2024-10-24 14:00:00', 'percussion', 'finished', 12),
  /* 11 */('Violin and Bow Set', 'A high-quality violin with a matching bow.', 18.00, 190.00 , '2023-10-11 10:00:00', '2023-10-25 10:00:00', 'strings', 'finished', 3),
  /* 12 */('Classic Flute', 'A classic flute for professional musicians.',30.00 ,300.00, '2023-10-12 11:00:00', '2023-10-26 11:00:00', 'woodwinds', 'finished', 3),
  /* 13 */('Vintage Drum Machine', 'A vintage drum machine for electronic music production.',40.00 ,90.00, '2023-09-13 12:00:00', '2023-10-27 12:00:00', 'percussion', 'finished', 3),
  /* 14 */('Saxophone Solo', 'A high-end saxophone for solo performances.', 400.00 ,400.00, '2023-10-14 13:00:00', '2023-10-28 13:00:00', 'woodwinds', 'finished', 19),
  /* 15 */('Trumpet Masterclass', 'A masterclass session with a renowned trumpet player.', 150.00,150.00, '2023-10-15 14:00:00', '2023-10-29 14:00:00', 'brass', 'finished', 21),
  /* 16 */('Bass Guitar Workshop', 'A workshop on advanced bass guitar techniques.',50.00 , 180.00, '2023-09-25 15:00:00', '2023-10-22 15:00:00', 'brass', 'finished', 23),
  /* 17 */('Piano Concerto Tickets', 'Tickets for a grand piano concerto event.', 80.00, 120.00, '2023-10-17 16:00:00', '2023-10-31 16:00:00', 'strings', 'finished', 25),
  /* 18 */('Electronic Music Production Course', 'A comprehensive course on electronic music production.', 200.00 , 220.00, '2023-10-18 17:00:00', '2023-11-01 17:00:00', 'percussion', 'finished', 27),
  /* 19 */('Accordion Performance', 'A live performance featuring accordion music.',10, 180.00, '2023-10-19 18:00:00', '2023-11-02 18:00:00', 'woodwinds', 'finished', 29),
  /* 20 */('Drumming Masterclass', 'A masterclass session on advanced drumming techniques.',350.00, 350.00, '2023-10-20 19:00:00', '2023-11-03 19:00:00', 'percussion', 'finished', 31),
  /* 21 */('Guitar Effects Pedal', 'A high-quality effects pedal for electric guitars.', 80.00 ,80.00, '2023-10-21 10:00:00', '2023-11-04 10:00:00', 'strings', 'paused', 33),
  /* 22 */('Digital Piano', 'A digital piano with realistic piano sound.',300.00 ,300.00, '2023-10-22 11:00:00', '2023-11-05 11:00:00', 'strings', 'paused', 34),
  /* 23 */('Trombone Ensemble', 'A set of trombones for ensemble performances.',180.00 ,180.00, '2023-10-23 12:00:00', '2023-11-06 12:00:00', 'brass', 'paused', 35),
  /* 24 */('Synthesizer Keyboard', 'A synthesizer keyboard for electronic music artists.', 250.00 , 250.00, '2023-10-24 13:00:00', '2023-11-07 13:00:00', 'percussion', 'paused', 36),
  /* 25 */('Harmonica Set', 'A set of harmonicas for blues and folk music.',100.00 ,100.00, '2023-10-25 14:00:00', '2023-11-08 14:00:00', 'woodwinds', 'paused', 37),
  /* 26 */('Drumming Workshop', 'A workshop on drumming techniques for beginners.', 150.00, 150.00, '2023-10-26 15:00:00', '2023-11-09 15:00:00', 'percussion', 'paused', 38),
  /* 27 */('Guitar and Vocal Lessons', 'Lessons for both guitar and vocal training.',200.00, 200.00, '2023-10-27 16:00:00', '2023-11-10 16:00:00', 'strings', 'paused', 39),
  /* 28 */('Flute Duet', 'A duet of high-quality flutes for musicians.',180.00, 180.00, '2023-10-28 17:00:00', '2023-11-11 17:00:00', 'woodwinds', 'paused', 40),
  /* 29 */('Percussion Ensemble', 'An ensemble performance featuring various percussion instruments.', 300.00,300.00, '2023-10-29 18:00:00', '2023-11-12 18:00:00', 'percussion', 'paused', 41),
  /* 30 */('Saxophone Solo Performance', 'A live solo performance with a saxophone.',150.00 ,150.00, '2023-10-30 19:00:00', '2023-11-13 19:00:00', 'woodwinds', 'paused', 42),
  /* 31 */('Electric Violin', 'An electric violin with modern sound capabilities.',400.00 ,400.00, '2023-11-01 10:00:00', '2023-11-15 10:00:00', 'strings', 'approved', 43),
  /* 32 */('Clarinet Duet', 'A duet of high-quality clarinets for musicians.',300.00 , 300.00, '2023-11-02 11:00:00', '2023-11-16 11:00:00', 'woodwinds', 'approved', 44),
  /* 33 */('Trumpet Quartet', 'A quartet of trumpets for ensemble performances.', 250.00 ,250.00, '2023-11-03 12:00:00', '2023-11-17 12:00:00', 'brass', 'approved', 45),
  /* 34 */('Guitar Masterclass', 'A masterclass session with a renowned guitarist.', 350.00, 350.00, '2023-11-04 13:00:00', '2023-11-18 13:00:00', 'strings', 'approved', 46),
  /* 35 */('Piano Duet', 'A duet of grand pianos for classical music lovers.', 500.00 ,500.00, '2023-11-05 14:00:00', '2023-11-19 14:00:00', 'strings', 'approved', 47),
  /* 36 */('Drumming Workshop', 'A workshop on advanced drumming techniques.', 250.00 ,250.00, '2023-11-06 15:00:00', '2023-11-20 15:00:00', 'percussion', 'approved', 48),
  /* 37 */('Accordion Ensemble', 'An ensemble performance featuring accordions.',200.00, 200.00, '2023-11-07 16:00:00', '2023-11-21 16:00:00', 'woodwinds', 'approved', 49),
  /* 38 */('Saxophone Solo Performance', 'A live solo performance with a saxophone.', 300.00 , 300.00, '2023-11-08 17:00:00', '2023-11-22 17:00:00', 'woodwinds', 'approved', 50),
  /* 39 */('Vocal Masterclass', 'A masterclass session with a renowned vocalist.',200.00 ,200.00, '2023-11-09 18:00:00', '2023-11-23 18:00:00', 'percussion', 'approved', 51),
  /* 40 */('Bass Guitar Solo', 'A live solo performance featuring a bass guitar.',150.00 ,150.00, '2023-11-10 19:00:00', '2023-11-24 19:00:00', 'brass', 'approved', 52),
  /* 41 */('Xylophone Set', 'A set of xylophones for school and ensemble use.', 200.00 , 200.00, '2023-11-11 10:00:00', '2023-11-25 10:00:00', 'percussion', 'denied', 53),
  /* 42 */('Keyboard Ensemble', 'An ensemble performance featuring electronic keyboards.', 180.00 ,180.00, '2023-11-12 11:00:00', '2023-11-26 11:00:00', 'percussion', 'finished', 45),
  /* 43 */('Harmonica Masterclass', 'A masterclass session for harmonica enthusiasts.', 250.00,250.00, '2023-11-13 12:00:00', '2023-11-27 12:00:00', 'woodwinds', 'denied', 52),
  /* 44 */('Drumming Solo', 'A live solo drumming performance by a professional.', 200.00 , 200.00, '2023-11-14 13:00:00', '2023-11-28 13:00:00', 'percussion', 'denied', 26),
  /* 45 */('Guitar Ensemble', 'An ensemble performance featuring various guitars.', 300.00, 300.00 ,'2023-11-15 14:00:00', '2023-11-29 14:00:00', 'strings', 'denied', 20),
  /* 46 */('Brass Quartet', 'A quartet of brass instruments for ensemble performances.', 180.00, 180.00,'2023-11-16 15:00:00', '2023-11-30 15:00:00', 'brass', 'denied', 5),
  /* 47 */('Piano Solo Performance', 'A live solo piano performance by a professional pianist.', 250.00, 250.00 ,'2023-11-17 16:00:00', '2023-12-01 16:00:00', 'strings', 'denied', 7),
  /* 48 */('Flute Solo', 'A live solo flute performance by a professional flutist.', 200.00, 200.00 ,'2023-11-18 17:00:00', '2023-12-02 17:00:00', 'woodwinds', 'denied', 9),
  /* 49 */('Trumpet Masterclass', 'A masterclass session with a renowned trumpet player.', 300.00, 300.00,'2023-11-19 18:00:00', '2023-12-03 18:00:00', 'brass', 'denied', 6),
  /* 50 */('Accordion Workshop', 'A workshop on accordion playing for beginners.', 150.00, 150.00 ,'2023-11-20 19:00:00', '2023-12-04 19:00:00', 'woodwinds', 'denied', 23);

INSERT INTO AuctionWinner (user_id, auction_id, rating)
VALUES
  (16, 12, 4),
  (18, 13, 3),
  (24, 16, NULL),
  (26, 17, NULL),
  (28, 18, NULL),
  (30, 19, NULL),
  (32, 20, NULL);

INSERT INTO Bid (user_id, auction_id, amount, time)
VALUES
  (13, 1, 90.00, '2023-09-17 15:30:00'),
  (11, 2, 90.00, '2023-09-19 15:30:00'),
  (13, 2, 120.00, '2023-09-20 17:45:00'),
  (14, 2, 140.00, '2023-09-21 09:15:00'),
  (10, 2, 180.00, '2023-09-22 11:30:00'),
  (7, 2, 210.00, '2023-09-23 14:00:00'),
  (15, 2, 250.00, '2023-09-23 16:45:00'),
  (12, 2, 290.00, '2023-09-24 09:15:00'),
  (17, 2, 320.00, '2023-09-24 13:30:00'),
  (9, 2, 350.00, '2023-09-30 15:45:00'),
  (8, 2, 380.00, '2023-10-01 18:00:00'),
  (19, 3, 130.00, '2023-09-20 09:30:00'),
  (20, 3, 160.00, '2023-09-21 13:15:00'),
  (21, 3, 190.00, '2023-09-23 15:45:00'),
  (18, 3, 220.00, '2023-09-24 18:00:00'),
  (23, 3, 260.00, '2023-09-26 09:15:00'),
  (22, 3, 290.00, '2023-09-27 12:30:00'),
  (26, 4, 100.00, '2023-09-21 11:30:00'),
  (28, 4, 130.00, '2023-09-23 14:45:00'),
  (27, 4, 150.00, '2023-09-24 17:00:00'),
  (24, 4, 180.00, '2023-09-25 19:15:00'),
  (30, 4, 220.00, '2023-09-27 09:30:00'),
  (29, 4, 250.00, '2023-09-28 13:00:00'),
  (34, 5, 80.00, '2023-09-22 09:30:00'),
  (36, 5, 110.00, '2023-09-23 11:45:00'),
  (35, 5, 140.00, '2023-09-24 14:00:00'),
  (32, 5, 170.00, '2023-09-25 16:15:00'),
  (38, 5, 200.00, '2023-09-26 18:30:00'),
  (37, 5, 230.00, '2023-09-27 20:45:00'),
  (42, 6, 95.00, '2023-09-22 12:00:00'),
  (45, 6, 125.00, '2023-09-23 14:15:00'),
  (44, 6, 155.00, '2023-09-24 16:30:00'),
  (41, 6, 185.00, '2023-09-25 18:45:00'),
  (47, 6, 215.00, '2023-09-26 21:00:00'),
  (46, 6, 245.00, '2023-09-28 09:15:00'),
  (51, 7, 109.00, '2023-09-23 11:30:00'),
  (53, 7, 140.00, '2023-09-24 13:45:00'),
  (52, 7, 170.00, '2023-09-25 16:00:00'),
  (49, 7, 200.00, '2023-09-26 18:15:00'),
  (2, 8, 100.00, '2023-09-24 09:30:00'),
  (11, 8, 130.00, '2023-09-25 11:45:00'),
  (3, 8, 160.00, '2023-09-26 14:00:00'),
  (43, 8, 190.00, '2023-09-27 16:15:00'),
  (2, 8, 220.00, '2023-09-28 18:30:00'),
  (3, 8, 250.00, '2023-09-29 20:45:00');


INSERT INTO follows (user_id, auction_id)
VALUES
  (1, 7),
  (2, 1),
  (5, 1),
  (2, 2),
  (3, 2),
  (5, 2),
  (6, 3),
  (7, 3),
  (8, 3),
  (9, 3),
  (10, 4),
  (11, 4),
  (12, 4),
  (13, 4),
  (14, 5),
  (15, 5),
  (16, 5),
  (17, 5),
  (18, 6),
  (19, 6),
  (20, 6),
  (21, 6),
  (22, 7),
  (23, 7),
  (24, 7),
  (25, 7),
  (26, 8),
  (27, 8),
  (28, 8),
  (29, 8),
  (30, 9),
  (31, 9),
  (32, 9),
  (33, 9),
  (34, 10),
  (35, 10),
  (36, 10),
  (37, 10);


INSERT INTO Report (user_id, auction_id, description, state)
VALUES 
  (2, 1, 'Suspicious activity.', 'listed'),
  (3, 1, 'Possible fraud.', 'reviewed'),
  (4, 1, 'Unusual behavior.', 'unrelated'),
  (5, 1, 'Concerns about the auction.', 'unrelated'),
  (6, 1, 'Reporting irregularities.', 'listed'),
  (7, 1, 'Please investigate.', 'unrelated'),
  (8, 1, 'Alerting to potential issues.', 'reviewed'),
  (9, 1, 'Flagging this auction.', 'listed'),
  (10, 1, 'Noticed something strange.', 'unrelated');

INSERT INTO Comment (user_id, auction_id, message, time)
VALUES
  (2, 1, 'Great item! Im interested in bidding.', '2023-09-20 12:30:00'),
  (3, 2, 'This flute looks amazing. Cant wait to play it!', '2023-09-20 14:45:00'),
  (4, 3, 'I have a question about the bass guitar. Can you provide more details?', '2023-09-21 10:15:00'),
  (5, 4, 'Is the drum set still available? Im ready to bid.', '2023-09-22 16:20:00'),
  (6, 5, 'The piano is beautiful. Im considering placing a bid.', '2023-09-23 09:45:00'),
  (7, 1, 'Im also interested in the guitar. How much does it weigh?', '2023-09-24 13:50:00'),
  (8, 2, 'What type of wood was used for the flute? It looks exquisite.', '2023-09-25 11:30:00'),
  (9, 3, 'The bass guitar has a unique vibe. Im eager to bid.', '2023-09-26 15:25:00'),
  (10, 4, 'I love the drum set! Can you ship it internationally?', '2023-09-27 17:10:00'),
  (11, 5, 'Is the piano tuned and in good condition? Ready to place a bid.', '2023-09-28 10:00:00'),
  (12, 1, 'Great to see so many musical instruments available.', '2023-09-29 12:30:00'),
  (13, 2, 'I hope the flute has a clear and crisp sound.', '2023-09-30 14:45:00'),
  (14, 3, 'Im excited about the bass guitar! It has a fantastic design.', '2023-09-21 10:15:00'),
  (15, 4, 'Im ready to bid on the drum set. Whats the current price?', '2023-09-22 16:20:00'),
  (16, 5, 'The piano is exactly what Ive been looking for. Placing a bid.', '2023-09-23 09:45:00'),
  (17, 1, 'How long is the guitar warranty? Interested in bidding.', '2023-09-24 13:50:00'),
  (18, 2, 'I play the flute, and this one looks top-notch. Cant wait to get it!', '2023-09-25 11:30:00'),
  (19, 3, 'The bass guitars vintage vibe is so appealing. Ready to bid.', '2023-09-26 15:25:00'),
  (20, 4, 'The drum set is calling my name. Hows the sound quality?', '2023-09-27 17:10:00'),
  (21, 5, 'The pianos craftsmanship is outstanding. Placing a competitive bid.', '2023-09-28 10:00:00'),
  (22, 1, 'Im considering bidding on the guitar. Any accessories included?', '2023-09-29 12:30:00'),
  (23, 2, 'The flute is exquisite. I hope it sounds as good as it looks.', '2023-09-30 14:45:00'),
  (24, 3, 'The bass guitars design is a work of art. Ready to make an offer.', '2023-09-21 10:15:00'),
  (25, 4, 'Im serious about the drum set. Can you provide shipping details?', '2023-09-22 16:20:00'),
  (26, 5, 'The piano will be the highlight of my collection. Placing a significant bid.', '2023-09-23 09:45:00'),
  (27, 1, 'I love the guitar. Is it suitable for beginners? Ready to bid.', '2023-09-24 13:50:00'),
  (28, 2, 'Im a flute enthusiast, and this one is on my list. Cant wait to play it!', '2023-09-25 11:30:00'),
  (29, 3, 'The bass guitars character is unique. Im eager to start bidding.', '2023-09-26 15:25:00'),
  (30, 4, 'I have a studio and need the drum set. Please share the specs.', '2023-09-27 17:10:00'),
  (31, 5, 'The piano will complete my music room. Placing a competitive bid.', '2023-09-28 10:00:00'),
  (32, 1, 'Im thinking about the guitar for a project. Any discount available?', '2023-09-29 12:30:00'),
  (33, 2, 'I perform with flutes regularly. This one looks perfect for me.', '2023-09-30 14:45:00'),
  (34, 3, 'The bass guitar has a timeless design. Ready to make a serious bid.', '2023-09-21 10:15:00'),
  (35, 4, 'The drum set is just what my band needs. Can you provide shipping options?', '2023-09-22 16:20:00'),
  (36, 5, 'The piano will be the centerpiece of my music studio. Placing a substantial bid.', '2023-09-23 09:45:00'),
  (37, 1, 'Im considering the guitar for a gift. Do you offer gift wrapping?', '2023-09-24 13:50:00'),
  (38, 2, 'The flutes craftsmanship is impressive. Cant wait to add it to my collection.', '2023-09-25 11:30:00'),
  (39, 3, 'The bass guitar has a classic vibe. Im excited to place a bid.', '2023-09-26 15:25:00'),
  (40, 4, 'Im ready to make a substantial bid on the drum set. Please provide details.', '2023-09-27 17:10:00'),
  (41, 5, 'The piano is a dream come true. Placing a competitive bid to secure it.', '2023-09-28 10:00:00'),
  (42, 1, 'The guitar has a fantastic design. Is it available for immediate purchase?', '2023-09-29 12:30:00'),
  (43, 2, 'Ive been searching for the perfect flute. This might be it!', '2023-09-30 14:45:00'),
  (44, 3, 'The bass guitars tone seems promising. Im eager to place a serious bid.', '2023-09-21 10:15:00'),
  (45, 4, 'Im a drummer in a band. This set is what we need. Shipping options, please.', '2023-09-22 16:20:00'),
  (46, 5, 'The piano will complete my home studio. Placing a significant bid to secure it.', '2023-09-23 09:45:00'),
  (47, 1, 'Im ready to bid on the guitar. Can you provide more photos?', '2023-09-24 13:50:00'),
  (48, 2, 'Ive played many flutes, and this one looks exceptional. Ready to make an offer.', '2023-09-25 11:30:00'),
  (49, 3, 'The bass guitars character is unique. Im eager to start bidding.', '2023-09-26 15:25:00'),
  (50, 4, 'Im a drummer, and this seTransfert is on my wishlist. Shipping information, please.', '2023-09-27 17:10:00');


INSERT INTO SystemManager (user_id)
SELECT id
FROM users
WHERE id BETWEEN 2 AND 6;

INSERT INTO Admin (user_id)
SELECT id
FROM users
WHERE id BETWEEN 2 AND 4;

INSERT INTO MetaInfo (name)
VALUES
  ('Brand'),
  ('Size'),
  ('Color'),
  ('Material'),
  ('Condition'),
  ('Year');

INSERT INTO MetaInfoValue (meta_info_name, value)
VALUES
  ('Brand', 'Yamaha'),
  ('Brand', 'Gibson'),
  ('Brand', 'Fender'),
  ('Brand', 'Roland'),
  ('Brand', 'Takamine'),
  ('Color', 'Black'),
  ('Color', 'Blue'),
  ('Color', 'Green'),
  ('Color', 'Orange'),
  ('Color', 'Purple'),
  ('Color', 'Red'),
  ('Color', 'Yellow'),
  ('Condition', 'Damaged'),
  ('Condition', 'New'),
  ('Condition', 'Refurbished'),
  ('Material', 'Aluminum'),
  ('Material', 'Glass'),
  ('Material', 'Leather'),
  ('Material', 'Metal'),
  ('Material', 'Plastic'),
  ('Material', 'Wood'),
  ('Size', 'Large'),
  ('Size', 'Medium'),
  ('Size', 'Small'),
  ('Year', '1920s'),
  ('Year', '1930s'),
  ('Year', '1940s'),
  ('Year', '1950s'),
  ('Year', '1960s'),
  ('Year', '1970s'),
  ('Year', '1980s'),
  ('Year', '1990s'),
  ('Year', '2000s'),
  ('Year', '2010s'),
  ('Year', '2020s');

INSERT INTO AuctionMetaInfoValue (auction_id, meta_info_value_id)
VALUES
  (1, 1), 
  (1, 6),
  (1, 14),
  (1, 23),
  (1, 35),
  (2, 2),
  (2, 13),
  (2, 21),
  (3, 3),
  (3, 24),
  (7, 3),
  (7, 15),
  (7, 21),
  (7, 34);